JS_1,28
EB_3,10
MJ_3,42
CL_13,17
WD_5,33
AB_40,21
MM_7,9
SL_2,16
JS_1,12
BP_9,36
FC_10,12
TB_11,27
KG_12,7
JR_14,39
NS_15,13
AM_16,13
KD_17,6
GT_18,30
EH_19,23
LM_20,46
PW_21,8
RF_22,15
HG_23,41
QW_24,19
OI_25,50
UK_26,29
ZX_27,48
YN_28,31
VH_29,38
DC_30,22
KJ_31,25
LT_32,45
IE_33,3
MO_34,11
NZ_35,35
XR_36,18
UQ_37,24
WP_38,49
SJ_39,5
AB_40,1
JS_1,37
EB_4,14
MJ_3,20
CL_13,2
WD_5,26
AB_40,4
MM_7,43
SL_2,32
JS_1,34
BP_9,40
FC_10,49
TB_11,19
KG_12,44
JR_14,23
NS_15,11
AM_16,6
KD_17,35
GT_18,29
EH_19,15
LM_20,12
PW_21,22
RF_22,50
HG_23,8
QW_24,38
OI_25,45
UK_26,13
ZX_27,33
YN_28,28
VH_29,31
DC_30,46
KJ_31,7
LT_32,16
IE_33,39
MO_34,21
NZ_35,47
XR_36,42
UQ_37,27
WP_38,30
SJ_39,25
AB_40,36
JS_1,24
EB_4,3