John,Smith,1985,03,12
Sarah,Lee,1990,05,15
Michael,Johnson,1982,10
Elizabeth,Brown,1998,02,29
William,Davis,1989,06,21
Ashley,Perez,1995,08,03
Matthew,Martin,1984,15
Jessica,Taylor,1992,11,27
Andrew,Wilson,1999,07
Samantha,Anderson,1987,04,31
James,Green,1983,09,22
Emily,Clark,1993,01
Christopher,Lee,1981,02,29
Victoria,Baker,1991,12,20
Benjamin,White,1986,11
Lauren,Turner,1996,07,25
David,Garcia,1988,03,33
Rachel,Adams,1994,05,07
Daniel,Hernandez,2000,08,
Olivia,Mitchell,1984,10,16
Joseph,Perez,1987,01,00
Megan,Young,1999,30
Joshua,Flores,1982,04,31
Kimberly,Allen,1991,06,19
Brandon,King,1985,07,
Christina,Wright,1995,11,28
Eric,Scott,1989,22
Jasmine,Phillips,1993,02,31
Kevin,Campbell,1986,12,32
Heather,Evans,1990,08,21
Brian,Parker,1984,09
Danielle,Collins,1998,04,18
Steven,Stewart,1981,05
Natalie,Sanchez,1996,03,14
Timothy,Morris,1992,10,33
Julia,Rogers,1983,07,24
Gregory,Reed,1994,26
Jennifer,Cook,1988,06,00
Adam,Bailey,1999,09,31
Kelly,Parker,1986,11,00